#{"t_start": 1764215627.4937189, "env_id": "BipedalWalker-v3"}
r,l,t
-116.467685,57,4.380694
-109.788495,49,5.832121
-104.897929,1600,54.889989
-109.116154,1600,155.993345
-111.846474,50,157.578558
-110.481908,98,160.422231
-101.753183,85,163.003026
-98.743181,1600,269.085585
-120.502238,82,271.563384
-103.851672,1600,384.922867
-111.60295,71,403.217284
-97.645591,1600,530.991293
-99.999232,1600,623.776174
-78.858928,1600,750.331285
-78.164941,1600,892.991303
-75.842205,1600,1020.041382
-102.23398,80,1022.432489
-64.711106,1600,1161.190226
-42.861934,1600,1252.585459
-39.063588,1600,1379.997889
-60.97979,1600,1512.196326
-92.977013,1600,1600.78377
-75.652463,1600,1740.776178
-61.086066,1600,1868.878074
-59.590002,1600,1959.938715
-56.954665,1600,2087.475194
-38.421745,1600,2229.315199
-40.947355,1600,2370.978643
-45.478192,1600,2492.96382
-11.23561,1600,2572.343774
-16.84483,1600,2681.944089
-23.405836,1600,2797.427264
-11.085434,1600,2899.880376
3.179062,1600,2950.590376
-83.759084,1600,3079.333888
-41.785585,1600,3134.216989
-48.943936,1600,3241.063655
-36.307729,1600,3345.349694
-44.796292,1600,3464.915946
-33.236608,1600,3585.53831
-29.72576,1600,3677.095254
-30.556335,1600,3801.997895
-105.800775,73,3804.156509
-15.663741,1600,3946.200682
-12.352805,1600,4088.180522
-0.478986,1600,4162.759563
20.127139,1600,4303.40397
-0.165634,1600,4430.338479
-28.985332,1600,4599.935223
-124.85912,112,4604.101162
-115.150285,51,4609.834613
-125.477982,110,4617.705722
-120.435831,71,4620.338634
-114.695617,91,4627.737767
-113.675083,43,4629.429716
-113.415207,41,4635.062292
-112.426403,43,4636.810857
-113.582805,50,4638.73593
-113.337345,109,4646.903748
-23.770824,843,4696.723428
-108.375824,111,4700.931783
-87.696685,254,4725.103265
-30.130378,1597,4879.454659
-99.57355,142,4903.105678
-91.857046,157,4909.052254
-76.281098,476,4940.829732
-70.620996,699,5048.128859
-33.380727,1090,5123.113276
-66.20115,572,5145.503431
-41.945573,872,5268.435349
78.318962,1600,5417.3759
-74.321678,401,5449.330744
126.332002,1600,5619.973773
131.874475,1600,5712.330076
106.215815,1600,5886.27048
142.538544,1600,6042.667943
138.369054,1600,6215.815465
167.292855,1600,6373.318708
191.840799,1600,6487.308079
-95.868986,704,6602.011404
-114.42613,43,6603.621418
-121.369374,46,6609.128083
-116.345271,49,6610.99649
-111.879473,80,6617.93394
-114.408788,41,6619.517988
-111.631131,66,6625.868686
-114.854575,41,6627.466229
-113.959215,42,6629.050178
-111.592172,74,6635.69184
-114.981987,47,6637.426819
-118.302205,46,6642.720239
-114.962252,40,6644.182596
-113.170719,40,6645.678483
-111.344875,80,6652.518867
-117.971681,54,6654.596026
-119.509319,46,6660.339753
-119.365623,43,6662.080284
-116.717098,43,6663.878788
-116.927028,44,6669.634853
-74.341047,588,6710.20458
-96.797389,303,6721.767875
-127.889011,135,6726.85131
-45.220772,1039,6863.606645
-95.51051,180,6870.390711
-127.230378,94,6874.019932
-30.371528,1448,6980.610882
-37.043152,831,7092.299149
-79.704209,298,7103.666244
-106.165903,352,7134.69376
-124.528126,99,7138.447968
-70.216148,423,7170.858287
-74.364375,279,7181.857127
-96.966202,303,7272.163947
-10.716077,993,7328.825814
-104.134939,398,7361.819451
-85.532481,232,7370.694944
133.023344,1600,7548.402767
96.392521,1600,7705.363192
-85.717602,253,7734.297443
126.029921,1600,7890.396878
133.523452,1600,8066.404647
158.223208,1600,8181.528224
166.38383,1600,8337.771703
158.317549,1600,8512.536308
78.945564,1600,8666.487723
-115.68166,44,8668.180485
-112.238316,60,8674.20266
-116.161117,43,8675.920228
-116.447458,42,8677.521857
-113.836693,41,8682.798862
-110.714025,59,8685.099301
-115.846134,43,8690.690291
-118.867903,45,8692.426844
-114.750433,40,8693.989954
-116.417277,43,8699.281261
-116.630914,43,8701.065219
-117.798289,43,8702.804233
-114.626735,49,8708.702139
-119.510152,45,8710.482057
-120.163618,44,8712.251933
-112.434993,37,8717.58861
-20.203263,982,8791.39034
-96.277344,102,8795.340616
-107.191929,216,8803.449933
-96.016569,79,8824.42491
-113.207822,108,8828.566955
-119.920048,116,8833.131135
-127.782954,327,8845.709112
-123.988405,73,8866.129203
-60.441911,670,8970.408712
-128.800188,141,8975.574641
-34.462877,784,9023.590135
-76.080529,442,9059.839285
-81.851498,1125,9197.35849
134.411147,1600,9354.392272
-82.153859,316,9383.996072
164.702958,1600,9538.515824
176.584087,1600,9715.816237
139.579077,1600,9814.284322
188.016684,1600,9993.577819
217.845639,1600,10155.017012
222.814224,1600,10330.318611
218.25013,1600,10445.961032
216.194374,1600,10605.870428
-95.570383,1493,10772.560284
-116.206045,40,10774.174281
-117.040919,42,10775.874805
-118.120705,44,10781.478442
-118.703671,44,10783.220102
-117.812815,44,10784.993609
-119.726558,44,10790.782246
-116.228779,42,10792.447877
-116.914173,42,10794.078254
-118.246932,43,10799.651201
-85.86498,452,10834.98041
206.548692,1600,10992.163005
84.164103,1383,11100.208648
206.399962,1600,11259.671868
221.570577,1600,11439.482496
232.266558,1600,11597.798847
231.834367,1600,11713.310611
255.537202,1600,11879.385853
256.271928,1600,12056.109732
247.086755,1600,12232.430938
249.696412,1600,12330.656739
259.223994,1600,12529.005699
274.344949,1600,12701.031949
63.276094,1112,12845.858776
-117.524716,42,12847.448787
-120.352382,42,12852.794951
-111.356078,35,12854.176243
-120.149761,43,12855.865678
-120.349416,44,12861.367854
-120.409834,44,12863.082969
-122.262856,43,12864.835565
-119.452072,44,12870.371154
-118.2873,41,12872.017807
-121.247636,44,12873.754726
-122.659009,43,12879.003118
-120.746129,44,12880.786472
-120.020959,43,12882.463297
-119.481484,43,12887.912824
-122.033039,44,12889.555017
-120.577057,45,12891.224157
-119.907867,43,12896.546247
-121.107824,45,12898.307921
-117.372662,40,12899.849987
-120.776201,44,12905.522882
-120.532449,44,12907.275133
-121.754484,43,12912.924359
-118.897703,43,12914.71396
-121.367975,43,12916.46161
-121.957822,44,12922.214434
-118.817346,42,12923.950881
-121.319634,45,12925.77265
-122.009502,44,12931.622246
257.260127,1600,13028.236495
67.144516,1067,13166.132452
269.686734,1600,13343.867277
282.523163,1530,13438.971339
277.538782,1600,13616.99913
279.775437,1589,13785.039064
280.464029,1570,13959.91399
137.893904,1326,14046.308023
280.132511,1566,14202.455998
286.406823,1488,14380.216502
282.280158,1557,14554.528987
284.450805,1535,14666.933463
283.816114,1518,14832.092992
44.215047,1026,15001.18019
-117.662123,40,15007.645962
-121.792761,44,15009.712666
-119.744551,43,15011.79043
-118.535144,42,15018.413422
-121.81407,44,15020.500297
-116.631875,42,15022.487965
-120.651504,45,15029.306928
-121.8155,44,15031.411043
-118.214738,41,15033.438056
-121.720983,44,15040.274218
-121.783669,45,15042.408873
-121.361454,45,15044.585832
-121.706171,43,15051.500593
-120.654506,43,15053.538816
-117.43703,40,15055.49937
-122.045687,44,15062.345929
-120.882562,43,15064.382852
-121.940089,43,15066.441553
-121.086123,45,15073.163446
-120.320336,44,15075.206135
-122.191668,45,15077.321571
-121.179147,43,15084.073455
-121.111613,44,15086.2099
-122.756623,43,15088.268007
-122.343014,44,15095.158471
-121.554525,43,15097.25982
-122.253158,44,15099.349354
-121.222569,44,15106.222609
-115.432141,46,15108.386546
246.64189,1600,15233.303911
254.983527,1600,15459.960865
-113.706146,47,15462.127108
-114.551174,49,15464.414495
222.794285,1600,15681.786478
228.546081,1600,15902.845711
278.078733,1599,16062.546887
-113.635446,41,16140.184708
276.939963,1559,16257.751551
274.491991,1600,16485.469343
281.204074,1534,16679.017203
288.123671,1393,16813.711042
278.164124,1534,17003.91316
280.022345,1492,17191.642962
262.270474,1600,17407.152004
284.159551,1393,17515.781083
-100.095866,239,17598.233924
-122.90641,44,17600.287184
-122.697595,43,17606.991668
-121.808773,43,17609.061857
-122.338589,45,17611.240659
-123.911046,42,17618.031634
-123.475462,42,17620.106989
-121.70939,41,17622.059101
-123.520461,42,17628.759441
-123.777066,43,17630.817195
-123.175717,41,17632.793045
-122.955254,42,17639.435613
-122.458268,42,17641.39935
-122.272128,41,17643.282868
-120.228384,41,17649.677924
-123.704204,41,17651.56264
-120.547585,42,17653.578247
-123.139668,41,17660.191434
-123.00708,41,17662.144093
-123.746175,42,17664.182528
-123.266383,41,17670.655503
-123.539413,42,17672.648244
-122.845361,41,17674.605475
-123.324896,41,17681.136282
-123.089587,40,17683.0305
-124.876654,41,17685.040061
-124.282379,41,17691.758309
-124.326699,42,17693.795924
-123.104194,42,17695.777102
-122.996925,42,17702.325249
248.038719,1600,17851.766048
248.802174,1600,18095.217715
275.144372,1592,18315.443362
246.308131,1600,18558.782218
270.251989,1600,18692.090542
278.312451,1583,18934.161692
276.365418,1597,19153.026495
281.018363,1469,19383.359008
277.765189,1572,19513.03012
282.787986,1510,19745.940956
282.798284,1493,19953.952538
285.961033,1403,20159.0873
281.398832,1417,20285.739124
-25.324632,512,20422.477009
-122.94001,42,20424.769947
-124.308177,41,20432.907368
-121.962123,41,20436.458918
-124.289225,41,20441.683834
-122.946827,41,20458.149696
-123.269885,43,20462.340113
-123.255261,41,20464.680192
-124.756015,41,20472.417216
-124.132852,41,20474.739958
-123.998342,40,20476.997241
-123.394838,41,20484.720773
-122.137412,40,20486.958453
-124.138185,41,20489.253131
-114.330636,38,20496.806195
-124.072235,41,20499.171962
-123.991034,41,20501.504129
-124.216263,40,20509.126638
-123.140215,41,20511.435978
-123.79185,42,20513.81198
-124.227029,42,20521.786117
-124.188074,41,20524.114198
-125.104615,41,20526.451988
-123.983001,42,20528.812159
-123.303745,41,20536.557558
-124.804281,41,20538.905931
-123.886943,40,20541.220207
-125.475042,40,20548.953304
-124.592876,40,20551.175941
-124.917308,42,20553.504695
-124.357495,41,20561.411169
284.854637,1420,20679.730338
288.598702,1333,20900.625092
278.341472,1539,21106.837756
287.846118,1382,21221.964942
285.06446,1392,21444.067299
292.472844,1321,21638.83134
284.494935,1406,21751.415365
289.384571,1354,21952.196079
296.278382,1231,22147.159308
291.486821,1319,22259.424952
290.949529,1281,22453.756628
296.602809,1224,22557.848801
148.072193,1154,22747.945204
292.666712,1346,22946.441689
294.266047,1259,23051.747863
-10.279606,548,23187.602637
-123.952324,41,23189.821854
-124.72547,41,23197.310992
-124.21824,41,23199.618454
-123.513814,41,23201.895854
-123.57364,40,23209.621819
-123.274179,40,23211.945971
-124.499298,41,23214.220974
-123.99262,42,23216.603702
-123.478762,40,23224.304256
-123.811581,41,23226.581121
-123.145102,41,23228.871215
-124.115437,39,23236.553773
-123.971252,40,23238.842824
-123.368783,40,23241.065058
-123.309062,40,23248.711222
-114.259032,36,23250.711849
-124.108281,40,23252.980271
-124.141557,40,23260.651828
-124.963545,40,23262.893032
-124.950668,40,23265.173403
-124.76568,41,23273.075418
-124.867302,39,23275.305049
-124.65195,40,23277.633598
-124.969728,40,23279.917411
-124.370338,41,23287.569207
-123.548907,40,23289.859576
-124.548556,40,23292.142018
-125.12915,39,23299.762726
-125.308616,41,23302.137367
-121.884199,43,23304.548444
-125.090793,42,23312.294083
-68.732804,215,23324.157268
-29.669704,580,23375.761244
278.677424,1600,23610.153386
59.189598,891,23678.237271
284.221282,1482,23902.616583
287.605653,1434,24105.926434
124.707007,1212,24210.229882
284.424121,1513,24410.7236
283.8729,1523,24604.18953
-18.15884,529,24644.023925
290.951624,1407,24814.875965
279.183043,1584,24919.893157
290.79169,1393,25102.586086
135.452933,1336,25271.556808
290.413038,1395,25371.584149
-5.235474,551,25488.324381
282.271337,1557,25595.028749
-77.735165,298,25698.558448
-124.934047,40,25700.43253
-123.998269,41,25702.349422
-125.646304,41,25708.850508
-124.634816,39,25710.692027
-123.772008,40,25712.666866
-125.925386,40,25719.270943
-119.095077,42,25721.242595
-124.426151,40,25723.120031
-124.683232,40,25729.80919
-124.962237,39,25731.699965
-124.773171,41,25733.643135
-124.267929,40,25739.978782
-124.166785,40,25741.850647
-112.986517,46,25743.98918
-124.905594,40,25750.421818
-123.882802,40,25752.308535
-125.243476,39,25754.064597
-125.360393,40,25760.561847
-124.853755,39,25762.431561
-125.530614,39,25764.308849
-126.38556,41,25766.291829
-126.001675,40,25772.884411
-126.923474,40,25774.781199
-125.122706,40,25776.688617
-125.39309,40,25783.203752
-125.411202,39,25785.100593
-125.451366,40,25787.051063
-125.993686,40,25793.73018
-125.549519,40,25795.626421
-125.26087,40,25797.519691
-125.799903,40,25804.10399
294.007776,1294,25895.220758
290.489931,1352,26065.524163
290.914212,1320,26159.52591
289.87531,1348,26328.691232
289.637613,1349,26492.478656
291.935499,1308,26586.019534
291.483771,1331,26769.358719
293.139048,1278,26933.370037
282.182224,1461,27032.807008
290.583486,1309,27199.277141
292.542135,1284,27350.402999
288.95511,1361,27422.62248
296.796778,1204,27546.466958
296.345952,1207,27615.013173
294.092234,1265,27738.445959
85.136055,869,27843.958647
-122.64378,41,27845.553856
-122.014569,41,27850.805173
-122.696132,39,27852.242577
-120.847801,41,27853.769786
-122.584078,40,27858.825169
-122.645477,41,27860.386126
-122.715403,41,27861.911529
-122.148865,42,27866.880846
-120.847929,43,27868.526506
-121.092395,41,27870.100218
-121.56088,41,27875.357301
-121.504089,41,27876.914652
-122.258312,41,27878.480651
-124.854654,98,27885.976648
-121.001939,42,27887.596837
-121.865125,40,27892.871091
-122.667488,41,27894.404692
-121.711095,41,27895.940547
-121.55663,41,27901.190266
-122.405338,41,27902.717561
-122.008552,41,27904.307469
-122.744287,40,27909.636403
-120.996893,42,27911.271169
-121.978795,41,27912.881563
-122.377055,40,27918.194113
-122.651112,41,27919.820485
-123.724126,40,27921.428494
-122.10197,41,27923.030012
259.813829,1600,28014.836783
272.685771,1592,28167.988509
281.976985,1447,28303.926815
155.917717,1502,28384.897569
274.983068,1500,28534.43062
281.430469,1416,28672.523969
281.280913,1422,28807.866613
276.455519,1473,28896.342485
289.45649,1264,29023.959138
285.220223,1333,29152.788512
286.328048,1264,29223.95261
290.22802,1270,29352.377744
287.397676,1298,29419.60369
283.82214,1377,29551.410042
53.341082,805,29651.549801
-122.375321,69,29657.87943
-121.198854,68,29660.456752
-110.580064,82,29667.354612
-119.801594,55,29669.502674
-121.093177,62,29675.707257
-121.984109,64,29678.355569
-120.490409,61,29684.385432
-121.36299,59,29686.797671
-122.698874,65,29693.321109
-119.59636,55,29695.556744
-124.702795,68,29702.280082
-112.745575,51,29704.357079
-120.399547,65,29710.56926
-120.303276,56,29712.80969
-120.082831,75,29719.619808
-117.78749,51,29721.637754
-121.343757,67,29724.206299
-120.228707,56,29730.104179
-130.756036,96,29737.578917
242.912174,1600,29823.176836
239.779048,1600,29961.239297
244.072264,1600,30110.122803
277.510955,1480,30240.543984
281.583196,1411,30322.010914
280.111469,1429,30453.548473
280.390935,1422,30593.313159
279.453399,1412,30662.308519
287.710319,1294,30788.199527
287.392951,1277,30928.057455
288.350362,1262,30992.459093
286.090439,1330,31120.232984
283.389751,1370,31247.171643
289.693952,1265,31306.777771
18.423401,810,31404.642748
-114.423721,40,31410.321756
-122.187171,46,31412.0987
-115.059751,41,31413.690014
-115.439133,42,31419.091733
-117.818614,43,31420.813183
-113.097454,41,31422.34888
-118.039793,43,31428.093925
-119.367863,44,31429.862119
-122.321064,44,31431.524507
-116.33572,41,31437.040259
-123.21054,42,31438.839274
-122.650617,42,31440.388641
-115.052883,42,31445.91143
-121.66018,46,31447.706223
-122.019695,43,31449.368692
-123.076832,43,31454.802921
-121.906314,44,31456.522719
-117.270855,42,31458.149316
-122.040925,43,31463.937028
-123.216099,44,31465.648417
-124.677918,42,31467.227159
-122.248412,44,31472.851232
-123.028402,49,31474.822932
-115.084522,42,31476.476743
-121.519355,47,31482.332748
-122.201808,44,31484.025409
-124.388973,41,31485.635198
-116.068916,40,31491.136019
290.597571,1179,31546.548429
294.019139,1131,31664.961568
297.007358,1098,31722.762742
289.632835,1227,31839.895552
124.670247,920,31885.139041
293.635477,1125,31997.99896
293.194282,1175,32050.247704
294.485216,1136,32160.712669
290.764386,1169,32213.038956
292.832622,1112,32326.077459
292.225854,1190,32443.105188
294.774699,1114,32495.057005
294.158726,1140,32610.005197
297.012418,1086,32654.844438
292.332387,1149,32773.871473
293.191435,1124,32823.928802
293.091341,1150,32943.405401
291.872019,1160,32999.236655
-98.846056,106,33063.889294
-116.478711,44,33065.548891
-115.285017,42,33067.128549
-120.937913,45,33072.676627
-115.842041,44,33074.349478
-117.448869,43,33079.982811
-115.998265,43,33081.67618
-120.331364,46,33083.4463
-116.608702,43,33089.110955
-115.907359,43,33090.755494
-122.345797,46,33092.553596
-117.945662,43,33098.069141
-120.250279,47,33099.837169
-122.006399,46,33101.649869
-121.551675,46,33107.303749
-122.469852,45,33108.999146
-122.690003,46,33110.731053
-121.256021,46,33116.426598
-122.594501,45,33118.170273
-123.325562,44,33119.94972
-122.230393,45,33125.62811
-122.88235,45,33127.396843
-121.06091,46,33133.143405
-122.141055,47,33134.994457
-123.092912,45,33136.708966
-123.103218,44,33142.430274
-122.591998,45,33144.222758
-122.837236,45,33145.991034
-122.832153,44,33151.841268
294.316683,1132,33206.694292
286.348996,1222,33330.216553
294.926615,1095,33379.079667
295.779698,1101,33494.783129
294.134827,1098,33543.460423
293.340133,1102,33658.326605
292.129083,1200,33718.866627
290.37307,1198,33833.190082
289.13242,1221,33949.780974
288.725521,1193,34011.921604
292.390202,1161,34128.198009
289.686512,1179,34186.763171
291.876201,1153,34302.684337
296.724725,1081,34352.812656
293.587088,1106,34464.477967
291.439112,1134,34526.020229
294.589428,1078,34641.347157
167.061093,1170,34766.663564
-122.740567,45,34768.36087
-122.31357,44,34770.076349
-114.19654,40,34775.28961
-124.587203,42,34776.912581
-117.929143,43,34778.602337
-120.881552,46,34784.156665
-123.992132,44,34785.850472
-123.998029,42,34787.484926
-110.557167,51,34793.244311
-123.869571,43,34794.937728
-124.344833,43,34800.450175
-123.318241,44,34802.09097
-114.597308,40,34803.586302
-123.256955,44,34808.981443
-123.945264,41,34810.590923
-125.39333,43,34812.246133
-124.468279,42,34813.849378
-124.336323,43,34819.21316
-111.457279,43,34820.870538
-110.713309,42,34822.483793
-111.717673,46,34828.151021
-123.49346,44,34829.826076
-124.611452,44,34835.48694
-114.109374,42,34837.125106
-122.648262,42,34838.76659
-111.2078,48,34844.330038
289.025909,1215,34901.874295
288.945363,1215,35016.353086
291.575338,1131,35085.010213
289.232355,1165,35200.822251
288.239615,1210,35260.942404
290.20229,1195,35380.966408
295.245651,1106,35498.78674
289.957599,1168,35558.259851
292.367241,1110,35670.487102
295.16489,1112,35725.851895
292.215669,1139,35848.595608
284.705113,1277,36010.117285
292.354736,1138,36168.381274
290.539673,1155,36223.333865
288.702235,1183,36339.564193
297.003804,1066,36443.374896
297.377436,1069,36498.522874
113.050193,903,36598.838916
-127.158482,85,36605.958075
-111.113067,50,36607.836559
-125.074163,72,36614.238144
-112.22488,41,36615.889507
-110.616543,43,36617.621169
-110.723894,50,36623.429734
-112.310234,49,36625.328102
-119.705039,43,36630.884693
-112.499313,39,36632.446223
-111.66599,47,36634.346833
-110.967509,42,36639.673742
-110.72991,52,36641.763263
-110.387092,50,36643.737803
-111.700143,34,36648.791827
-113.271025,35,36650.12111
-111.357965,42,36651.749621
-109.865658,42,36657.087391
-111.08894,40,36658.658741
-111.40804,45,36660.410938
-110.248408,36,36661.804108
-111.383264,36,36667.071595
-112.691458,37,36668.50881
-111.687483,47,36670.271365
-111.73724,39,36675.475463
-111.214702,42,36677.068764
-112.107065,47,36678.841727
-111.110373,49,36684.654626
286.253713,1239,36742.131685
288.647725,1184,36859.463011
297.723759,1060,36914.695142
284.940392,1256,37037.659901
289.177182,1192,37092.762948
291.325932,1188,37209.76742
287.145233,1242,37327.796683
289.206688,1192,37388.294292
292.72648,1111,37495.450458
293.475733,1144,37549.525266
288.897885,1157,37666.478158
290.602121,1159,37722.745103
288.787284,1186,37840.129754
289.688144,1154,37956.138334
293.698744,1083,38002.733245
292.975514,1126,38118.777309
294.42767,1116,38170.104043
63.864018,714,38268.942613
-118.091622,40,38270.486987
-116.630416,40,38275.861911
-122.304341,42,38277.48448
-122.402297,43,38279.150298
-111.07052,46,38284.63522
-113.494976,40,38286.249847
-116.853353,38,38287.732576
-113.830634,36,38293.061305
-116.31592,39,38294.600425
-119.39308,42,38296.311095
-117.645821,41,38297.839618
-120.08963,42,38302.98818
-113.466435,36,38304.365105
-121.841528,42,38305.926232
-118.978352,43,38311.498419
-120.186379,41,38313.090117
-119.964871,42,38314.731839
-115.731368,40,38320.099573
-122.561092,42,38321.767086
-120.472768,44,38323.519205
-111.565197,43,38329.119056
-115.194239,38,38330.666172
-118.872516,42,38332.279504
-116.062238,38,38337.60262
-114.651723,38,38339.106385
-116.909017,40,38340.645236
-116.022358,38,38346.018596
-118.856834,42,38347.687341
-118.619676,41,38349.217508
-115.013688,37,38350.692461
267.366424,1496,38424.966985
271.116118,1439,38594.645222
265.906477,1508,38736.449222
271.414712,1420,38811.773216
279.940976,1302,38940.00108
275.855935,1360,39065.254621
271.149596,1430,39131.044776
273.559629,1428,39256.332464
270.004872,1452,39381.505636
285.937343,1229,39432.924832
289.189981,1160,39545.983516
284.9523,1217,39660.258493
291.264871,1156,39715.885903
276.045248,1386,39843.960928
286.295858,1208,39903.775294
-58.717568,354,39982.596346
-117.901908,43,39984.178432
-116.738941,43,39989.5351
-122.333458,46,39991.358734
-119.73901,45,39993.100283
-115.496423,42,39998.473381
-118.755682,43,40000.070503
-116.54057,43,40001.693982
-120.806915,45,40006.96519
-121.553865,45,40008.706369
-117.908669,44,40010.400946
-120.698818,46,40015.999272
-122.266816,46,40017.81521
-119.473786,44,40019.474582
-116.088072,42,40024.869341
-119.668915,46,40026.645803
-121.535853,45,40032.218121
-118.656064,45,40033.939388
-116.442908,42,40035.539426
-120.867647,44,40041.065273
-121.349803,47,40042.80628
-118.379834,44,40044.468243
-118.721,44,40049.845863
-121.569391,43,40051.598504
-120.530636,44,40053.23537
-120.614593,42,40058.381861
-119.999701,45,40060.163692
-122.79643,42,40061.78957
-116.634414,42,40067.305731
275.670134,1367,40127.632461
268.586722,1466,40257.026614
274.314995,1399,40397.994389
276.236314,1335,40460.115568
273.115618,1403,40581.714682
271.45123,1428,40708.164147
285.591439,1218,40767.661558
270.650637,1444,40902.871484
283.478675,1303,41022.116433
284.853113,1233,41085.032762
279.971772,1287,41206.247809
284.429614,1237,41267.821399
279.640801,1345,41388.840658
272.652756,1424,41517.923989
279.735825,1306,41579.493137
-56.795535,323,41657.480161
-119.79943,41,41659.038436
-121.665832,42,41664.390602
-121.508619,42,41666.141683
-123.31436,42,41667.785969
-123.151007,45,41673.341099
-122.148887,44,41675.006048
-121.9681,42,41676.650991
-121.65234,44,41681.89614
-116.819256,43,41683.524821
-120.519847,41,41685.196076
-117.926438,45,41690.401002
-122.397169,42,41691.963063
-121.843038,42,41693.557558
-116.636974,37,41698.647429
-116.739266,43,41700.351274
-122.876501,41,41701.940856
-119.53713,42,41707.185328
-122.108217,42,41709.078383
-122.962226,41,41710.669496
-119.686384,41,41716.280668
-122.294984,42,41717.975319
-122.824571,41,41719.536501
-123.559701,43,41721.194978
-120.288266,41,41726.391673
-123.297737,43,41728.077989
-122.284337,42,41729.698541
-124.520751,41,41735.023083
-123.331211,41,41736.551463
-122.766911,41,41738.089547
-118.479605,45,41743.328593
284.641763,1232,41799.337942
288.869491,1191,41918.851872
292.636083,1098,41967.277574
283.706677,1303,42091.58513
287.986259,1168,42148.744982
287.010553,1225,42266.912854
288.23322,1194,42385.726734
288.454994,1183,42444.409977
287.036168,1210,42563.940349
288.235226,1211,42618.626633
288.502887,1178,42735.972086
286.685322,1223,42847.953521
289.888149,1207,42901.454301
289.557897,1147,43012.05087
285.945791,1223,43062.788498
295.368819,1065,43170.391689
292.812847,1066,43220.340915
-30.5914,382,43292.146848
-122.762278,45,43293.852142
-122.875969,45,43299.297358
-118.139552,43,43300.972885
-120.858101,45,43302.671937
-122.24087,44,43308.033522
-121.514661,45,43309.82706
-122.353151,45,43311.602502
-120.059326,45,43317.174847
-121.440056,45,43318.881642
-117.278033,38,43320.335444
-120.373731,45,43325.835357
-122.616699,44,43327.483824
-121.932826,42,43329.061281
-115.724757,36,43334.07018
-121.595798,46,43335.861976
-122.756979,43,43337.479858
-120.785156,42,43342.720733
-121.829887,45,43344.40806
-122.27486,45,43346.074928
-122.205803,43,43351.413607
-121.555541,42,43352.98722
-122.68224,42,43354.546795
-122.90361,43,43359.944596
-122.676402,43,43361.589353
-121.529779,42,43363.206591
-122.443497,42,43368.419685
-122.357112,45,43370.164617
-121.676349,42,43371.851853
-135.126719,139,43384.904212
290.696153,1113,43429.005746
287.221113,1171,43543.154927
290.979274,1106,43591.680326
289.058072,1181,43706.922849
288.107076,1146,43762.516747
288.428156,1149,43875.227238
292.257354,1084,43919.878082
289.569873,1161,44034.087213
290.220401,1108,44147.863159
288.787828,1162,44205.725282
288.96964,1147,44318.999292
287.69389,1168,44375.977782
289.924072,1126,44482.660356
291.453416,1122,44536.651743
291.965113,1117,44648.137957
288.872612,1151,44706.792511
290.854064,1127,44823.577399
139.703824,1069,44930.93243
-121.155793,43,44932.703683
-114.319917,41,44937.907954
-113.402244,33,44939.188139
-117.680568,38,44940.602253
-115.959358,36,44941.963884
-114.54238,43,44947.157591
-120.235336,41,44948.718221
-122.073848,43,44950.319805
-114.222448,34,44955.455019
-117.60709,38,44956.913063
-114.218019,34,44958.211293
-116.083308,36,44963.346587
-119.085379,45,44965.119322
-120.211014,42,44966.723282
-117.808294,38,44971.751567
-118.3356,39,44973.247232
-118.355103,39,44974.746226
-111.602348,32,44975.99326
-116.385915,36,44981.125101
-118.271425,39,44982.598031
-114.631243,34,44984.00103
-111.087724,31,44988.830908
-114.746595,34,44990.110786
-115.658616,35,44991.465062
-112.583329,32,44992.756362
-117.631553,38,44997.887779
-119.213601,40,44999.454208
-117.025762,37,45000.921898
-115.340711,35,45002.286057
-112.388727,31,45007.128049
-113.693005,33,45008.452892
-114.590339,34,45009.815374
-114.225188,34,45011.141284
291.969851,1091,45075.690466
290.345989,1110,45186.674582
294.85788,1070,45233.28591
289.413245,1141,45343.7249
174.465016,1127,45399.449494
284.824456,1160,45516.504383
293.019596,1110,45575.189612
292.794326,1079,45681.915538
290.329764,1107,45741.802145
283.474235,1235,45862.961917
291.615093,1120,45978.95281
292.935546,1105,46033.074341
287.968131,1145,46143.287728
290.864548,1088,46192.057864
293.503862,1084,46303.879455
291.70311,1101,46354.102138
289.992457,1103,46470.849385
290.302942,1107,46521.203605
-8.039914,438,46601.451583
-112.241395,66,46603.963322
-110.796151,33,46608.869017
-116.942034,41,46610.424894
-111.826873,33,46611.702785
-108.743769,48,46617.415579
-112.903218,62,46619.898778
-110.506802,36,46621.326084
-111.054417,68,46627.777918
-110.120573,33,46629.099017
-108.561816,45,46630.749101
-110.871255,34,46635.93684
-110.437327,32,46637.190518
-109.966147,35,46638.595849
-109.269942,34,46643.539737
-109.975789,34,46644.812209
-108.81003,38,46646.236933
-110.335832,33,46647.495249
-109.527416,40,46652.586831
-110.670079,31,46653.748385
-110.123052,30,46654.887983
-108.634521,41,46656.423752
-112.284028,67,46662.660437
-109.990824,38,46664.201203
-109.55721,31,46665.479712
-110.148106,74,46672.008641
-110.318056,33,46673.301142
-110.399717,35,46678.359207
-110.590556,31,46679.638524
-110.65873,31,46680.871342
-109.567319,35,46682.225432
-109.585054,33,46687.052789
-5.408129,542,46713.391712
292.251993,1103,46764.233288
289.845794,1118,46871.733159
294.671137,1038,46925.300829
293.025497,1037,47036.756083
291.48345,1099,47083.959246
296.761332,997,47191.263329
291.559911,1068,47240.421198
295.55345,1058,47346.089291
295.973009,1044,47401.108462
295.788824,1013,47514.179966
293.188942,1061,47563.151534
289.423448,1118,47681.19911
298.973719,993,47739.147041
296.125913,1009,47840.420254
298.348748,1005,47891.306547
295.45481,1003,47995.915429
296.293401,1048,48035.914759
288.690168,1139,48148.359547
149.875543,1090,48259.37229
-107.598744,48,48264.746406
-111.945893,34,48266.10039
-106.412544,52,48268.09699
-107.601386,56,48274.082686
-108.817571,36,48275.486373
-107.903428,45,48280.723378
-107.943915,42,48282.400169
-108.320617,46,48284.117458
-108.800382,37,48289.183285
-109.690462,32,48290.429185
-107.124589,52,48292.414853
-140.597113,198,48307.499342
-107.387904,41,48309.077045
-109.263645,32,48310.304282
-107.983215,40,48315.59083
-108.97488,35,48316.964901
-110.457883,34,48318.316602
-107.131771,45,48320.084614
-108.037248,43,48325.415798
-109.297992,36,48326.76778
-108.84395,40,48328.275424
-108.6471,33,48333.113999
-109.594009,32,48334.418243
-110.381524,38,48335.903025
-108.464788,66,48341.964257
295.419205,1010,48381.417254
291.844039,1094,48483.036462
295.387036,1029,48535.706009
0.016662,425,48552.116783
290.664262,1062,48663.948579
292.49098,1036,48722.375509
284.494703,1218,48838.813403
292.90827,1075,48887.924842
291.726026,1088,49001.814863
289.597074,1094,49056.353386
290.122118,1125,49177.054941
81.527019,664,49211.969938
288.775206,1132,49334.10325
291.894106,1072,49385.066796
291.788815,1109,49503.237848
296.960957,1015,49558.414798
289.191938,1094,49664.680995
286.262642,1117,49777.40772
293.266751,1055,49834.969144
162.095331,1000,49936.634571
-110.224597,31,49937.866192
-109.597181,31,49939.109839
-111.092374,32,49944.271216
-110.231308,32,49945.552754
-110.255429,32,49946.814807
-110.176855,30,49948.010598
-109.818968,30,49952.976378
-110.723153,30,49954.174474
-110.258309,33,49955.458024
-110.208857,30,49956.62548
-109.772096,30,49961.533189
-112.149108,32,49962.770613
-110.151631,32,49964.019337
-110.220621,30,49965.206614
-109.597006,30,49970.079025
-109.486578,30,49971.25872
-109.414779,30,49972.432383
-109.686557,30,49973.579685
-109.233113,29,49978.322401
-110.307586,34,49979.677693
-109.597637,34,49980.993072
-110.619117,36,49982.407568
-109.867515,30,49987.14673
-110.691462,35,49988.555076
-109.224716,39,49990.15449
-109.328048,30,49991.319461
-109.671292,38,49996.411527
-110.912621,30,49997.572343
-111.006133,31,49998.779064
-109.890606,31,49999.977737
-110.071525,30,50004.779293
-112.147351,31,50006.012494
-110.383378,30,50007.186877
-109.005164,35,50008.551233
-110.710449,30,50013.301618
-110.208001,30,50014.517398
-110.744309,30,50015.726115
-110.978399,31,50016.929715
-109.37369,35,50021.93626
290.225287,1111,50081.313996
-59.099921,246,50098.433082
292.732109,1032,50204.872722
288.484716,1100,50259.273332
290.784468,1081,50378.957208
292.601772,1034,50426.313529
291.568652,1040,50533.046299
-3.301552,426,50556.928625
289.980785,1066,50612.037314
291.141672,1086,50717.166515
291.612658,1090,50836.787194
290.904463,1044,50878.249299
296.273039,1075,50979.710787
293.07451,1060,51035.762611
290.194166,1098,51152.557995
291.128383,1107,51214.316149
-37.355577,292,51225.514267
292.537112,1086,51341.812948
291.679892,1074,51393.451829
293.223198,1066,51500.738316
292.353339,1078,51547.297238
-56.781108,221,51614.072306
-113.296845,64,51616.631428
-109.424845,33,51621.646511
-109.12508,32,51622.883548
-109.737873,32,51624.118845
-107.833127,39,51625.652571
-110.118343,32,51630.657833
-109.45627,37,51632.198882
-109.529594,35,51633.587305
-109.511045,43,51638.859673
-108.777154,38,51640.309425
-110.322773,33,51641.604317
-108.86042,38,51643.044176
-110.127128,32,51647.910607
-109.253556,33,51649.18223
-109.355034,30,51650.331515
-109.701739,35,51651.724494
-109.865155,34,51656.7827
-108.658793,41,51658.485834
-109.064755,36,51659.981921
-109.441212,31,51665.167924
-109.902159,33,51666.456888
-110.085841,33,51667.830243
-109.476251,30,51669.01205
-110.286371,33,51674.12514
-108.844837,40,51675.76771
-109.467626,31,51677.069396
-109.466278,33,51678.406215
-109.768179,35,51683.575263
-109.898065,34,51684.932379
-109.1637,42,51686.575302
-108.835327,37,51691.693013
-110.123888,33,51692.965351
-109.847595,31,51694.171938
-110.72214,34,51695.47886
-109.709211,34,51700.668211
296.83816,1080,51754.595296
291.255574,1166,51869.544128
293.072458,1102,51919.336504
-90.234732,109,51923.341737
129.589952,884,52021.612951
295.898673,1062,52071.587192
296.273489,1068,52179.845163
297.723446,1033,52221.125415
294.430444,1093,52322.493719
293.710745,1077,52370.167368
295.271916,1059,52475.083215
295.254719,1048,52527.377845
297.087544,1047,52631.640125
295.907945,1078,52673.341446
297.559853,1024,52772.794974
159.593431,961,52818.338511
295.253749,1064,52922.484017
296.821543,1057,52970.228903
296.020889,1067,53080.79501
296.114408,1051,53125.772411
-13.439539,380,53201.670729
-109.296041,34,53203.033358
-109.886766,32,53204.2681
-109.131484,30,53209.043131
-110.337915,33,53210.320823
-109.902912,32,53211.560549
-109.855099,32,53212.85812
-107.762366,69,53219.445171
-110.132771,32,53220.759994
-110.62652,36,53222.189343
-110.445839,33,53227.359879
-109.974316,32,53228.696361
-109.93131,34,53230.071469
-109.894199,32,53231.40115
-109.375378,30,53236.347827
-110.225227,32,53237.638981
-109.816298,32,53238.872686
-109.994488,35,53240.344157
-109.853638,32,53245.535921
-109.938485,31,53246.794258
-110.269193,33,53248.094253
-109.969479,33,53249.371844
-110.099938,32,53254.216691
-110.222505,30,53255.408027
-109.535471,31,53256.607099
-110.331491,31,53257.828799
-110.444142,33,53262.854688
-110.133092,31,53264.039897
-109.46565,38,53265.489463
-109.619639,33,53266.753849
-110.231107,30,53271.628013
-110.159965,30,53272.821981
-110.097025,33,53274.090453
-110.08622,32,53275.392684
-110.346255,33,53280.436883
-109.936391,31,53281.664319
-110.26025,32,53282.911837
-109.836136,30,53284.141734
-70.903873,296,53299.096076
293.572954,1088,53348.350841
162.021667,1026,53458.71832
291.567969,1124,53509.829315
294.648857,1080,53615.424603
289.459953,1174,53664.800916
293.871724,1075,53773.421421
291.834541,1126,53823.184789
295.711804,1074,53927.122649
292.856094,1097,53975.078318
293.611386,1077,54082.642654
295.342765,1077,54187.498248
292.26381,1127,54234.242839
292.619882,1088,54342.62307
293.390062,1082,54393.144146
-74.389475,252,54402.566165
293.218939,1137,54514.624695
292.557765,1099,54560.97474
294.935198,1071,54666.36083
291.527049,1100,54713.060938
-51.104795,262,54789.703665
-109.792801,35,54791.063906
-109.328166,32,54792.294559
-109.416398,31,54797.034563
-110.318997,32,54798.296723
-109.265478,36,54799.695334
-109.470592,32,54800.977741
-109.897,32,54805.856774
-109.755858,32,54807.09462
-109.392082,32,54808.321104
-110.168692,32,54809.556345
-109.703846,32,54814.59674
-109.19025,32,54815.852618
-109.592329,31,54817.106041
-110.163298,32,54818.387387
-109.682536,33,54823.361704
-109.248032,31,54824.601587
-109.410537,31,54825.874551
-110.042713,32,54827.103537
-109.598181,31,54832.08976
-109.598813,31,54833.306135
-109.710934,31,54834.556681
-109.602071,31,54835.78674
-110.529847,32,54840.764585
-110.046573,32,54841.99789
-109.827434,32,54843.224415
-109.83241,33,54844.487875
-109.407833,31,54849.202739
-109.312699,32,54850.460955
-109.645308,32,54851.739391
-110.101535,32,54852.972441
-110.654881,32,54858.010929
-109.96116,32,54859.272616
-110.370964,32,54860.528381
-109.597383,31,54861.751487
-110.522787,32,54866.737519
-110.835507,33,54868.007926
-110.184642,33,54869.292749
-109.349391,30,54870.478937
-109.653027,33,54875.305784
300.12979,1032,54916.757252
299.348308,1033,55020.775259
-54.932765,237,55029.748754
-122.278519,119,55037.188076
296.14943,1141,55086.306748
297.399695,1095,55195.143831
297.728501,1061,55240.903219
297.608534,1079,55348.571389
296.132838,1115,55391.724622
297.668868,1082,55498.59963
-73.668519,166,55504.78513
297.851164,1060,55556.315384
298.442199,1054,55669.937243
298.011243,1054,55783.267076
295.843325,1092,55829.738045
297.521854,1066,55941.254771
-28.011304,305,55953.011633
183.187448,1017,56006.28399
296.937473,1043,56119.899041
302.923895,1007,56163.747747
300.189751,1023,56273.022473
300.963874,1009,56328.5841
56.723074,621,56421.596461
-115.231947,35,56422.909656
-116.876563,37,56424.284219
-117.369208,38,56429.347785
-115.976102,35,56430.657124
-117.980581,38,56432.134205
-116.143118,36,56437.248336
-117.031818,37,56438.662757
-117.214051,37,56440.060285
-117.732029,38,56441.538404
-113.946869,33,56446.674041
-116.167574,36,56448.0932
-117.260742,37,56449.537402
-118.067685,38,56454.582892
-118.303276,38,56456.039641
-115.605514,35,56457.338637
-115.76815,35,56458.640543
-117.603293,37,56463.581958
-115.08317,34,56464.849245
-118.261749,38,56466.274931
-113.335653,40,56471.455308
-115.655655,35,56472.808388
-114.64676,34,56474.137799
-114.995414,35,56475.449754
-116.802169,36,56480.348668
-117.431063,37,56481.753067
-116.419761,36,56483.154966
-116.630794,36,56488.426459
-114.253257,33,56489.713071
-118.495787,38,56491.151552
-115.756074,35,56492.487684
-115.551778,35,56497.572893
-116.74306,36,56498.982471
-114.933705,34,56500.318747
-117.314436,37,56501.834488
-113.604205,46,56507.450874
302.731483,1007,56551.085752
301.726954,1022,56658.582355
302.93904,1004,56704.22138
300.495783,1051,56817.817771
302.217893,1021,56873.02047
302.87778,989,56917.331465
303.82567,986,57023.976722
300.776679,1045,57082.815043
302.420453,1038,57191.490806
302.543944,1023,57246.65736
303.945651,1009,57357.732703
301.171692,1040,57405.649416
300.201596,1043,57520.310552
300.669175,1019,57565.849636
302.402893,998,57675.264076
300.761019,1031,57731.079861
301.009406,1044,57834.464085
180.844163,960,57879.735849
301.56767,1023,57988.011366
300.021586,1048,58037.606847
-96.332996,87,58100.744253
-116.673549,36,58102.113959
-112.17521,31,58103.32805
-114.353471,34,58108.352314
-113.666921,33,58109.649443
-113.132276,32,58110.950957
-120.976244,41,58112.543376
-113.0062,32,58117.32964
-113.754767,33,58118.572809
-114.981258,34,58119.860903
-113.506721,32,58124.563295
-114.109008,33,58125.93575
-114.078645,33,58127.191454
-112.848904,32,58128.438585
-114.790747,34,58133.392874
-113.236105,32,58134.65709
-113.076614,32,58135.970511
-113.775409,33,58137.279447
-113.550865,33,58142.182727
-112.903507,32,58143.423706
-114.112801,33,58144.763609
-113.061837,32,58145.990335
-113.271182,32,58150.964703
-115.086474,34,58152.359672
-114.098072,33,58153.638885
-112.548423,32,58154.836361
-113.831244,33,58159.784818
-113.039921,32,58161.020398
-114.959109,34,58162.301797
-114.946151,34,58163.589564
-113.1899,32,58168.628159
-113.40838,32,58169.899531
-113.458464,34,58171.206119
-115.05744,34,58172.506996
-113.214102,32,58177.402448
-112.899177,32,58178.658485
-114.290942,33,58179.944146
-114.136863,33,58181.278126
-109.418339,33,58186.299263
303.505506,1030,58238.616794
302.170169,1026,58352.900625
302.189826,1031,58401.554527
299.308919,1064,58513.020076
301.022176,1029,58561.034411
301.689781,1029,58663.272895
302.627534,1007,58715.318763
300.534041,1050,58827.853853
300.211332,1032,58871.414281
300.386366,1059,58981.915755
302.687811,1010,59036.556497
299.119593,1105,59139.50447
301.321314,1017,59185.293237
302.003728,1021,59298.538952
300.999783,1044,59343.147372
302.914827,977,59449.271777
303.363355,1011,59489.697344
300.404644,1035,59597.307943
302.417186,1018,59644.321831
154.970975,933,59743.509817
-112.048108,32,59744.851835
-110.952493,34,59749.867056
-110.753494,30,59751.049426
-110.7222,30,59752.183603
-110.574053,30,59753.368249
-110.469166,30,59758.180017
-111.984064,31,59759.473999
-110.824049,30,59760.657433
-111.113659,30,59761.832721
-110.877088,30,59762.980384
-110.83646,30,59767.846244
-110.843074,31,59769.060837
-111.045531,30,59770.233858
-111.113907,30,59771.419677
-110.940429,30,59776.338746
-112.258647,31,59777.521835
-111.04036,30,59778.6663
-110.692743,30,59779.803908
-110.730459,30,59784.42772
-111.034446,30,59785.568743
-112.036223,31,59786.786975
-111.157779,30,59788.017387
-110.935373,30,59792.873467
-111.197605,31,59794.059031
-110.65896,30,59795.212724
-112.162451,31,59796.421489
-111.591592,31,59797.653369
-110.908155,30,59802.637949
-110.833217,30,59803.889873
-111.268382,30,59805.11359
-111.793627,31,59806.371685
-111.021629,30,59811.36214
-110.854887,30,59812.573217
-110.991637,30,59813.748079
-112.893448,32,59815.009138
-111.027501,30,59820.112148
-111.371864,30,59821.313332
-110.824016,30,59822.537713
-111.162083,30,59823.729874
-110.136726,30,59828.565555
304.17144,977,59872.430473
303.359698,967,59915.950787
305.070706,972,60020.655108
304.454757,957,60059.728793
302.20404,1000,60165.561046
303.599079,996,60208.106011
55.828235,578,60293.667141
302.084017,1001,60337.813238
299.709446,1007,60442.004139
304.664593,973,60481.084088
302.875832,1013,60585.943215
299.870601,1054,60629.392475
304.778297,972,60734.432281
302.915112,983,60779.265627
304.186896,977,60877.148566
302.247824,1007,60920.183195
303.09601,999,61018.414753
302.808265,996,61061.029171
302.638221,1009,61163.296201
304.417586,971,61203.299764
303.136987,1005,61246.193904
-95.486577,96,61308.235877
-115.58509,40,61309.769847
-114.623443,41,61311.362577
-114.795598,41,61316.465258
-115.585206,41,61318.053168
-115.659633,41,61319.561547
-114.777909,41,61324.656632
-115.511319,41,61326.306962
-115.654855,41,61327.902973
-116.698992,42,61333.133782
-115.1337,41,61334.700485
-114.577626,41,61336.32884
-119.169145,44,61341.856803
-116.685471,42,61343.56484
-115.618346,41,61345.133296
-115.482887,40,61350.478874
-118.381783,43,61352.156415
-117.246019,42,61353.795022
-118.280824,43,61359.496506
-115.553553,41,61361.147977
-116.823973,41,61362.735681
-120.564184,44,61368.119881
-117.855497,41,61369.755087
-120.129853,44,61371.434257
-116.186309,41,61376.71196
-120.18617,44,61378.326668
-117.515949,41,61379.832296
-119.700481,43,61385.157908
-117.675302,41,61386.691194
-120.730805,44,61388.375181
-119.16967,43,61393.674411
-54.922373,354,61406.950377
298.679037,1071,61457.250752
303.906065,967,61558.658344
303.178148,1039,61603.552888
54.81888,764,61696.149266
301.38247,1055,61738.769686
303.87547,1015,61841.684587
300.814765,1060,61889.576921
305.946358,988,61987.234359
302.622415,1032,62037.445261
189.994745,1043,62139.715794
302.811812,995,62184.911385
302.156178,1030,62290.296977
302.355219,990,62331.287854
199.075165,988,62438.183133
303.648775,1023,62483.411006
106.9198,698,62512.144404
301.29648,1050,62614.763499
301.167823,1040,62662.464481
302.417652,1031,62768.033719
303.21336,1011,62809.565627
-32.406737,287,62884.56154
-120.13935,43,62886.22726
-120.633359,44,62891.62874
-120.38402,43,62893.230513
-120.406475,44,62894.861457
-115.690086,38,62900.039707
-120.243649,42,62901.664095
-120.695531,44,62903.297191
-121.076613,43,62908.689071
-120.814427,43,62910.520518
-121.55313,44,62912.175936
-120.576421,43,62917.222526
-116.216925,38,62918.645381
-121.286645,43,62920.302039
-121.020302,43,62925.705629
-121.035568,43,62927.351677
-121.251805,43,62928.947789
-120.912392,43,62934.108532
-121.559001,43,62935.754184
-116.50777,39,62937.233671
-121.130983,43,62942.482341
-121.166299,43,62944.134549
-121.19245,43,62945.783506
-120.627251,43,62951.244959
-115.735246,37,62952.65566
-121.640763,43,62954.293925
-120.791678,43,62959.647393
-121.006169,43,62961.250314
-115.671556,37,62962.70926
-121.333769,43,62968.007089
300.611145,1067,63008.484635
300.996183,1071,63109.495222
303.744159,1054,63150.968093
303.092169,1047,63250.475144
303.096795,1036,63292.071687
188.261381,1236,63404.50336
303.954673,1033,63447.127814
301.569129,1073,63546.897269
172.43933,942,63591.266047
302.25206,1069,63695.586529
302.227465,1039,63735.127453
302.804785,1017,63833.98948
305.296927,1001,63872.9471
302.257483,1026,63971.797804
304.760801,1008,64012.357468
195.318041,955,64108.562744
34.472011,496,64132.277625
302.414123,1055,64176.022504
301.866923,1030,64277.680766
304.441548,988,64319.002084
-32.470566,312,64389.209442
-118.514803,41,64390.813638
-115.576146,37,64395.990299
-115.135311,37,64397.400958
-116.967228,39,64398.962149
-117.496356,40,64404.395545
-117.767324,40,64405.910539
-116.551503,38,64407.422036
-120.918396,43,64412.762626
-116.338374,38,64414.237707
-115.657634,37,64415.671117
-118.534323,41,64417.323374
-118.008534,40,64422.554616
-118.708382,41,64424.127714
-116.392092,38,64425.540697
-119.010466,41,64430.563317
-118.901127,41,64432.07666
-121.178099,43,64433.689659
-120.373962,43,64438.966535
-120.453339,43,64440.633778
-116.6828,38,64442.14883
-118.949733,41,64447.595819
-115.544133,37,64449.00011
-115.809269,37,64450.398619
-119.895489,42,64455.844017
-117.196751,39,64457.430652
-117.646256,39,64458.950947
-119.951292,42,64464.309767
-120.123702,42,64465.906788
-118.015208,40,64467.409047
-118.814093,41,64468.944831
303.086346,1035,64515.674114
302.345153,1065,64619.663554
300.300338,1096,64664.835071
303.262067,1029,64769.882041
304.55293,1031,64820.446721
302.855211,1002,64921.843083
301.491998,1083,64977.262465
303.230973,1033,65087.891133
302.436842,1050,65131.631513
304.682081,988,65238.311689
304.013165,992,65286.813225
301.422606,1043,65391.00576
303.909247,1010,65443.212682
-119.790142,173,65449.609971
303.663113,989,65560.443063
302.60629,1046,65607.407068
303.758431,1000,65722.062159
303.567395,1001,65772.781962
302.997637,1029,65877.761378
303.734827,1004,65929.954765
134.625555,833,66026.281305
-114.477011,36,66027.656963
-114.692699,37,66029.067273
-119.143539,43,66034.430801
-114.420823,36,66035.922764
-113.769864,35,66037.248734
-119.030732,43,66042.665083
-114.89746,37,66044.07166
-117.733579,41,66045.631605
-117.694858,41,66050.997174
-116.946761,40,66052.555372
-118.450463,42,66054.143298
-115.922344,39,66059.272501
-116.194302,39,66060.780755
-114.910093,37,66062.226605
-118.432325,42,66063.875166
-113.965195,36,66069.116447
-114.45806,36,66070.501525
-116.498903,39,66072.00078
-117.384662,40,66077.15861
-114.085636,36,66078.534544
-114.1199,37,66080.024183
-120.225621,43,66085.561515
-113.951667,36,66086.921831
-113.466139,35,66088.255109
-116.362341,39,66089.720084
-114.656906,36,66094.597487
-115.343232,37,66096.044957
-114.56925,37,66097.424959
-114.983482,37,66102.176386
-112.466815,38,66103.669843
-115.669345,38,66105.155226
-114.127806,36,66106.532179
-113.975766,41,66111.871882
303.784938,947,66166.96178
302.87106,1000,66214.633937
303.855711,964,66329.72568
302.165053,983,66373.343442
305.958805,943,66486.331237
307.834801,920,66533.481689
303.887388,946,66641.206938
24.719133,422,66662.587432
304.886798,952,66710.977454
303.870546,977,66821.420152
303.233611,965,66866.767642
305.211893,960,66977.720655
305.166702,940,67024.267266
306.867849,912,67138.198051
305.423234,968,67185.347572
13.360842,393,67204.747109
305.792277,936,67306.848856
308.125833,914,67358.818198
305.729935,931,67460.590386
305.570787,958,67509.688594
306.705015,939,67610.527602
304.26704,946,67662.484075
110.4929,778,67761.585015
-113.794624,37,67762.983147
-116.449423,37,67764.348208
-115.530206,36,67769.317035
-114.282526,35,67770.724125
-112.899747,33,67772.021798
-113.387484,34,67773.348701
-115.492978,36,67778.533298
-114.168408,34,67779.863295
-112.899113,33,67781.153345
-114.853765,35,67782.598763
-115.921573,36,67787.827567
-115.582037,38,67789.318914
-114.323942,34,67790.650544
-112.858306,33,67795.525199
-116.841523,39,67797.072835
-113.462897,34,67798.380953
-116.060204,36,67799.767519
-114.801715,35,67804.706512
-114.578359,35,67806.014528
-113.006403,33,67807.272545
-115.774482,36,67808.674987
-114.324933,35,67813.75324
-114.170623,37,67815.208104
-113.917715,34,67816.662315
-115.212869,35,67821.941156
-115.979934,36,67823.324759
-115.32308,35,67824.701686
-113.495165,34,67826.061095
-113.267005,34,67831.346165
-116.352574,37,67832.785573
-115.060508,38,67834.2609
-114.777298,35,67835.632868
306.019072,941,67881.77908
305.64655,934,67932.212007
-36.452313,241,68000.866682
307.779991,938,68055.679698
305.467123,936,68099.960074
305.948472,941,68213.9291
306.728222,934,68256.808319
-26.695793,277,68276.610322
308.372521,919,68380.842447
304.810944,943,68433.964657
304.136942,958,68537.956107
307.47438,927,68594.138514
305.358017,935,68693.699473
308.253463,907,68745.290169
303.816719,933,68847.72948
307.87758,908,68902.875633
307.411396,907,69004.780119
306.728612,934,69059.903608
306.766943,927,69102.402665
305.930198,937,69216.339746
308.516274,893,69259.089768
308.395722,902,69362.941381
309.031218,888,69416.897667
71.305328,593,69510.374771
-108.8826,33,69511.636484
-112.76622,33,69516.690944
-113.675205,34,69517.991416
-108.480582,31,69519.172135
-111.17444,31,69520.321847
-110.231866,35,69525.278781
-108.609658,31,69526.505276
-114.733505,35,69527.882084
-111.906811,32,69529.261191
-108.804247,36,69534.470989
-110.423572,31,69535.661961
-111.081513,31,69536.888784
-113.065068,33,69538.183338
-111.998681,32,69543.167316
-113.897705,34,69544.468901
-110.529511,36,69545.877291
-109.049708,31,69547.058119
-109.182143,33,69552.09572
-113.937391,34,69553.411253
-114.516288,35,69554.825054
-110.938096,31,69556.037796
-110.98152,31,69560.818776
-111.75021,31,69562.011883
-113.321296,34,69563.306409
-114.566096,35,69564.63942
-112.953007,33,69569.710365
-111.692881,32,69571.010656
-112.714245,33,69572.283841
-113.838916,34,69577.273799
-114.657061,35,69578.644224
-112.64724,33,69579.940383
-106.053125,47,69581.766827
-105.365205,53,69587.517077
-109.080488,35,69588.879926
-123.206766,95,69596.300655
307.778406,971,69644.408412
1.244062,340,69669.998984
309.408927,937,69774.44283
-13.923395,327,69797.193824
307.612762,948,69844.359838
306.796502,967,69959.090749
308.878505,924,70002.545058
308.153794,936,70115.336924
90.003838,642,70148.320978
-51.573052,205,70155.916349
306.692914,952,70266.588152
306.343449,992,70311.814569
306.508639,969,70371.151524
307.25146,986,70484.967404
306.363953,998,70530.997154
307.682601,965,70642.828798
306.263942,967,70690.358514
308.711402,939,70800.449071
155.446943,819,70840.574165
138.918529,766,70932.664291
307.823385,979,70984.210122
36.728395,484,71011.666715
307.876009,944,71110.637905
304.849372,1031,71168.051515
44.667714,507,71245.97174
-103.795135,66,71248.398801
-125.645179,143,71261.302043
-116.738209,105,71265.274214
-124.89102,133,71274.036157
-110.371193,109,71281.655383
-113.424838,139,71290.709678
-108.815396,39,71295.793818
-108.751008,83,71298.916277
-111.073676,50,71304.665185
-134.988194,111,71312.711803
-115.447168,109,71316.988808
-106.123249,61,71323.281817
-108.730313,98,71330.827553
309.371677,910,71378.031233
304.621902,1021,71433.129882
-33.893051,270,71502.158512
43.39348,493,71531.92022
308.146735,922,71575.575353
304.849783,982,71684.6951
307.891475,973,71732.283914
192.116426,897,71839.739733
308.954266,932,71883.104312
151.660261,768,71987.028003
308.561765,951,72029.25248
306.244181,965,72076.878139
308.12052,913,72176.465904
306.416982,945,72226.440797
307.077817,937,72327.557215
306.771919,955,72376.286388
-14.644824,359,72390.24318
309.268264,908,72493.662985
309.691449,928,72534.324877
308.198385,931,72637.531306
306.284941,944,72680.25722
307.933485,916,72784.83104
309.503703,906,72824.883606
147.022222,777,72918.022343
-110.248688,37,72919.457689
-110.079554,40,72921.02441
-110.920759,33,72926.017431
-110.903126,33,72927.277724
-110.945907,33,72928.548442
-124.93178,89,72935.649637
-111.803154,56,72937.878815
-109.471708,77,72944.522232
-110.871106,33,72945.759383
-108.749072,43,72950.918985
-111.510085,33,72952.177434
-110.928033,33,72953.440184
-110.581053,33,72954.672839
-111.452561,33,72959.519963
-110.546287,61,72961.846175
-110.379669,62,72968.022115
-110.604716,55,72970.109084
-113.689062,89,72977.141563
-110.572957,57,72979.345925
-111.786134,57,72985.135167
-111.320089,33,72986.375245
-110.628602,33,72987.628897
-110.954309,33,72988.875434
-111.076114,33,72993.614302
-110.93907,33,72994.890784
-110.994933,33,72996.128023
-111.309281,33,72997.355756
-110.112967,32,73002.243241
306.849401,937,73046.970416
308.561404,879,73085.308689
-33.785633,252,73158.315651
310.11866,877,73195.664531
98.975831,644,73224.905749
308.39178,860,73322.12653
307.999609,881,73363.762425
306.602581,898,73463.485233
307.090227,894,73506.830928
305.655268,912,73544.813518
309.027725,865,73642.458146
308.447769,896,73684.377899
307.311333,907,73782.085542
308.623185,867,73821.839075
310.713013,855,73918.921359
308.590048,880,73963.200522
309.053193,878,73998.708295
310.071858,862,74098.606569
311.376135,833,74138.151552
309.843375,865,74232.142804
309.579148,860,74268.386404
307.795818,897,74370.620758
156.420571,818,74404.181315
307.067457,886,74443.636892
-42.193769,320,74513.753589
-110.160798,33,74515.020948
-109.979941,53,74520.643009
-110.841474,58,74522.836553
-110.657134,57,74528.852453
-107.477704,50,74530.853064
-107.234356,42,74532.469144
-107.088828,50,74538.30823
-108.548876,58,74540.649414
-110.951684,34,74542.044329
-110.66584,33,74547.163936
-111.473907,39,74548.72267
-110.042319,33,74549.994405
-111.493418,35,74551.354284
-110.652734,33,74556.27481
-110.731605,33,74557.546164
-111.025296,36,74558.959044
-111.753906,39,74564.247144
-110.990736,34,74565.565861
-110.702499,33,74566.848422
-110.322845,33,74568.112004
-111.361948,35,74572.976438
-111.091198,34,74574.344423
-111.075675,35,74575.681155
-110.646277,33,74576.92855
-110.48743,33,74581.845856
-110.981827,38,74583.26528
-110.950274,36,74584.6228
-110.029257,33,74589.55774
-110.516811,33,74590.802843
-110.766558,33,74592.087889
-111.132269,34,74593.409024
-111.306464,34,74598.364444
309.455179,838,74632.279709
89.007975,565,74659.451565
307.68053,893,74767.5473
309.087423,881,74804.252204
306.446751,894,74845.762532
309.38137,857,74944.181474
309.293912,870,74980.220998
116.994092,671,75067.32588
309.073717,879,75104.423356
310.63614,860,75198.16911
308.841369,867,75242.341897
306.653144,909,75280.138078
310.709661,853,75376.11325
309.388076,868,75422.860868
310.118803,851,75519.164629
308.925601,868,75560.674835
-18.559096,340,75580.600847
308.312966,869,75677.926491
308.148168,900,75726.144988
308.70934,876,75825.559628
310.31703,850,75868.011616
308.444578,900,75907.487751
309.216319,866,76004.03419
309.908746,857,76048.677173
110.261862,646,76137.084071
-110.660765,40,76138.708212
-109.550054,60,76144.544105
-106.44247,72,76147.264601
-111.123635,36,76152.161977
-110.987118,35,76153.53259
-107.40506,112,76161.597295
-108.673331,44,76163.299432
-106.652264,48,76165.201902
-111.193928,35,76170.427755
-109.346866,46,76172.212991
-111.209255,36,76173.658556
-107.332373,58,76179.629426
-110.44523,38,76181.12494
-110.080893,39,76182.71701
-109.383968,36,76187.950335
-108.742893,41,76189.572776
-111.868461,40,76191.105173
-109.316537,49,76196.668262
-110.745973,35,76198.045603
-110.481958,38,76199.581204
-107.419253,50,76205.201972
-109.812036,37,76206.58379
-111.832576,36,76207.954009
-108.905822,46,76213.350423
-106.07457,53,76215.463406
-109.247169,53,76217.534082
-108.619268,56,76223.384399
306.400683,971,76268.888962
310.025791,879,76312.997877
306.977257,927,76414.644151
-60.675567,189,76429.482577
301.463148,1029,76474.804759
309.108442,886,76583.856355
305.813955,952,76627.096938
303.343701,1009,76735.185234
105.385691,669,76765.702121
306.480988,956,76866.741424
306.627243,938,76913.554363
305.821317,960,77011.294032
43.830165,464,77037.064312
41.18129,501,77060.601583
307.417421,942,77159.628475
302.331719,1030,77212.397277
306.933507,933,77256.125306
309.099413,870,77352.559233
306.153145,946,77400.755195
-39.548456,251,77410.124178
305.00499,961,77512.142993
306.77117,936,77564.737205
306.589103,909,77665.139869
302.261641,1030,77719.850225
-22.443474,344,77799.281898
-107.133151,49,77801.170785
-107.597684,41,77806.34364
-109.561794,44,77807.972387
-103.789208,76,77814.375087
-108.546967,38,77815.819937
-109.687544,49,77817.768123
-107.521644,44,77823.047813
-108.417413,49,77824.90213
-107.858843,59,77827.084562
-109.132353,41,77832.284672
-103.984713,61,77834.597927
-104.905245,50,77840.268884
-112.569848,34,77841.5859
-109.511478,54,77843.656393
-107.982161,42,77849.03116
-108.008585,94,77852.788763
-109.302562,38,77857.820227
-106.328274,61,77860.136953
-110.285412,39,77861.676887
-109.118061,41,77866.931684
-109.130933,61,77869.26804
-108.304754,42,77874.483732
-109.65387,42,77876.136611
-109.234715,51,77878.141065
-110.207273,47,77883.673575
306.49938,940,77928.645023
302.87692,997,77981.833573
306.059456,932,78097.215702
306.214289,907,78147.708136
307.28929,878,78246.851815
306.654914,929,78292.812079
308.293547,892,78404.300465
304.440426,956,78452.156906
306.108315,922,78560.084558
306.113098,932,78603.170395
306.931491,922,78653.899589
308.073966,898,78757.177572
308.568673,900,78807.788083
-2.166457,359,78880.505622
307.459994,887,78932.881513
307.872307,871,78970.471775
307.625748,908,79074.529924
307.225289,924,79115.885167
306.598917,920,79221.645622
306.410567,914,79260.082899
305.397202,943,79367.071835
307.527476,912,79405.091874
187.795391,865,79505.35308
-109.626259,45,79507.216799
-109.522302,50,79513.021764
-106.586244,49,79514.905457
-106.591192,58,79517.212193
-111.040401,43,79522.747931
-105.548896,77,79525.693835
-110.843892,76,79532.585763
-107.885163,62,79535.032931
-112.118425,44,79540.713038
-111.559374,66,79543.275278
-111.444064,42,79548.676393
-111.014629,43,79550.301365
-110.386463,41,79551.927128
-110.441498,40,79557.263629
-111.258278,43,79558.968669
-110.966581,42,79560.585958
-112.191063,54,79566.529035
-108.901713,51,79568.619665
-110.231931,40,79570.170489
-109.120242,40,79575.324171
-109.465248,47,79577.037932
-110.454366,41,79578.538973
-107.008091,45,79583.866548
-108.549913,37,79585.292822
-108.515366,53,79587.343556
299.706327,1033,79643.750788
303.899429,956,79687.777179
303.582885,944,79795.786916
303.175978,960,79841.800947
304.32064,935,79942.610369
305.349744,930,79986.728769
303.121962,955,80097.046725
304.581932,938,80146.0043
302.08035,987,80248.277877
300.164372,1011,80301.621318
302.555311,974,80405.633286
302.553871,982,80456.660364
307.03607,913,80556.099852
306.222796,910,80603.320618
301.157882,998,80703.601132
301.602696,957,80751.274877
123.625696,668,80785.324581
306.327583,903,80884.040779
306.00911,920,80930.691365
303.58822,932,81033.453303
307.383059,899,81076.843649
174.330595,825,81172.737832
-109.864833,39,81174.247725
-109.468687,38,81175.68946
-109.701181,38,81180.773217
-109.953661,55,81182.937007
-108.330678,51,81188.657758
-109.973837,58,81190.896801
-109.656817,37,81192.347666
-107.727711,49,81198.057047
-108.813467,37,81199.499167
-109.751062,41,81201.079634
-108.334156,53,81206.902236
-108.473214,33,81208.187224
-107.025056,44,81209.90723
-108.655288,46,81215.587749
-106.965937,35,81217.009197
-109.053786,38,81218.482742
-106.963724,46,81224.171339
-106.225088,55,81226.430573
-101.560904,62,81232.790657
-108.974857,51,81234.775676
-109.105087,48,81236.672832
-107.500169,49,81242.19837
-109.018702,39,81243.629679
-108.114195,40,81245.13627
-107.699851,48,81250.36858
-109.582409,46,81252.127148
-107.239375,34,81253.447056
-107.347709,35,81258.635057
105.306284,682,81294.190489
306.077624,905,81341.469535
308.416364,883,81442.302151
308.485692,867,81481.163949
303.391352,964,81590.865415
304.516327,927,81634.353528
131.559221,695,81670.156506
306.591305,905,81769.194173
307.731846,909,81809.005573
305.438998,897,81916.067073
57.303124,517,81942.314048
122.800294,713,81978.058378
306.686439,902,82079.773983
305.854602,912,82123.836434
304.406608,950,82225.763774
306.027015,892,82273.774459
26.435383,414,82289.415684
302.795756,958,82397.304826
308.421084,872,82434.913481
302.058725,967,82538.892761
304.295103,958,82579.579507
302.940943,934,82687.489909
307.138681,889,82726.462079
305.890363,898,82772.803849
-95.649535,137,82838.553713
-109.428509,51,82840.627184
-109.56409,58,82846.98664
-108.934701,40,82848.578913
-109.448039,48,82854.347868
-108.963364,46,82856.143019
-110.166159,40,82857.732748
-108.346744,50,82864.109276
-108.238558,39,82865.601402
-110.43749,40,82867.130325
-108.821254,39,82872.698703
-107.257772,55,82874.928497
-108.480419,41,82876.544923
-103.124741,55,82882.355279
-105.744294,38,82883.840224
-104.629758,44,82885.572849
-109.805411,47,82891.314488
-107.646392,50,82893.269319
-110.220905,40,82894.833436
-111.139187,41,82900.458586
-107.349678,45,82902.289524
-106.174671,47,82907.847941
-107.955501,35,82909.238677
-109.77877,40,82910.831639
-109.232718,35,82912.264544
-109.440223,45,82917.764883
-107.71389,34,82919.073829
-107.981142,32,82920.294884
-104.462068,60,82926.347091
296.458179,1011,82972.247308
298.757008,983,83019.207752
298.551694,981,83125.74761
300.28353,972,83164.967328
297.593164,985,83272.4684
299.002561,979,83316.656671
299.23416,980,83428.984344
299.723462,978,83472.432464
301.677053,937,83580.978513
296.23876,993,83640.02333
300.162571,955,83754.231055
296.346676,1007,83802.764927
294.966373,1032,83909.616834
297.783339,1003,83958.999539
299.253317,957,84059.085155
300.631216,938,84103.912303
301.126828,944,84204.865718
298.050611,988,84253.717164
296.030775,1011,84366.951879
300.741554,952,84411.362179
132.128638,917,84517.538588
-107.363067,50,84519.406073
-109.323653,71,84525.83737
-108.58145,43,84527.493945
-109.107085,42,84533.049845
-109.049357,54,84535.128139
-108.777299,37,84536.552161
-108.289569,69,84543.086292
-109.616811,41,84544.666973
-108.152056,37,84546.100621
-109.05519,37,84551.304392
-111.727788,51,84553.384747
-110.328135,43,84555.059628
-107.832057,46,84560.729419
-105.417725,68,84563.432516
-108.737566,50,84569.113668
-109.338736,45,84570.927096
-108.949462,35,84572.366892
-110.41014,41,84577.763368
-108.736579,35,84579.144704
-108.752978,35,84580.552357
-108.746579,35,84581.93616
-111.12809,46,84587.817505
-108.749051,35,84589.227461
-111.098335,41,84590.809735
-110.724016,41,84596.297931
-108.783983,35,84597.688229
-111.079732,41,84599.312804
-109.350301,36,84604.716127
303.621405,914,84644.630157
301.983899,922,84689.3399
299.589484,943,84791.499141
301.438748,927,84835.46511
301.676667,924,84937.271342
303.554084,899,84976.875435
302.442485,914,85082.328161
304.215871,887,85124.189121
300.318149,934,85228.631316
302.454802,915,85269.171802
302.573796,913,85320.822517
302.559304,904,85422.635719
300.756714,944,85473.234393
303.600526,885,85571.870811
300.697754,920,85616.710268
301.290766,916,85716.539766
302.442704,911,85767.652634
302.74083,902,85869.955503
304.604181,876,85907.647689
-28.680132,258,85923.62221
301.943397,920,86027.720244
302.257846,911,86073.995694
